{"cameraMode":{"drawMode":0,"name":"Shaded","section":"Shading Mode"},"sceneLighting":false,"audioPlay":false,"sceneViewState":{"showFog":true,"showMaterialUpdate":false,"showSkybox":false,"showFlares":true,"showImageEffects":true,"showParticleSystems":true},"in2DMode":false,"pivot":{"x":0.0,"y":0.8421500325202942,"z":-0.016641169786453248},"rotation":{"x":-0.025444528087973596,"y":0.9695961475372315,"z":-0.2145978957414627,"w":-0.11514467746019364},"size":4.433898448944092,"orthographic":false}