{"cameraMode":{"drawMode":0,"name":"Shaded","section":"Shading Mode"},"sceneLighting":false,"audioPlay":false,"sceneViewState":{"showFog":true,"showMaterialUpdate":false,"showSkybox":false,"showFlares":true,"showImageEffects":true,"showParticleSystems":true},"in2DMode":false,"pivot":{"x":0.0,"y":0.8405340313911438,"z":0.04046471416950226},"rotation":{"x":-0.025444528087973596,"y":0.9695961475372315,"z":-0.2145978957414627,"w":-0.11514467746019364},"size":4.517920970916748,"orthographic":false}