{"cameraMode":{"drawMode":0,"name":"Shaded","section":"Shading Mode"},"sceneLighting":false,"audioPlay":false,"sceneViewState":{"showFog":true,"showMaterialUpdate":false,"showSkybox":false,"showFlares":true,"showImageEffects":true,"showParticleSystems":true},"in2DMode":false,"pivot":{"x":4.375,"y":0.2357099950313568,"z":1.5120000839233399},"rotation":{"x":-0.3797920048236847,"y":0.5176404714584351,"z":-0.27465128898620608,"w":-0.7158108949661255},"size":4.4342451095581059,"orthographic":false}